"Status","Start Time","Stop Time","Duration in ms","Parent Suite","Suite","Sub Suite","Test Class","Test Method","Name","Description"
"skipped","Fri May 31 13:19:53 BDT 2024","Fri May 31 13:19:54 BDT 2024","1566","chromium","youtube_video\annotation.spec.js","","","","test Name 05",""
"failed","Fri May 31 13:19:55 BDT 2024","Fri May 31 13:19:56 BDT 2024","1468","chromium","youtube_video\annotation.spec.js","","","","failed test02",""
"passed","Fri May 31 13:19:55 BDT 2024","Fri May 31 13:19:56 BDT 2024","1218","chromium","youtube_video\annotation.spec.js","","","","failed test",""
"passed","Fri May 31 13:19:53 BDT 2024","Fri May 31 13:19:54 BDT 2024","1769","chromium","youtube_video\annotation.spec.js","","","","test Name 04",""
"passed","Fri May 31 13:19:55 BDT 2024","Fri May 31 13:19:56 BDT 2024","1791","chromium","youtube_video\annotation.spec.js","","","","test slow",""
"passed","Fri May 31 13:19:53 BDT 2024","Fri May 31 13:19:54 BDT 2024","1753","chromium","youtube_video\annotation.spec.js","","","","test Name 02",""
"passed","Fri May 31 13:19:53 BDT 2024","Fri May 31 13:19:54 BDT 2024","1771","chromium","youtube_video\annotation.spec.js","","","","test Name 01",""
"skipped","Fri May 31 13:19:52 BDT 2024","Fri May 31 13:19:52 BDT 2024","2","chromium","youtube_video\annotation.spec.js","","","","test Name 03",""
"skipped","Fri May 31 13:19:54 BDT 2024","Fri May 31 13:19:55 BDT 2024","943","chromium","youtube_video\annotation.spec.js","","","","test xplore",""
